{
  "timestamp": "2025-12-26T17:02:36.259722",
  "tests": {
    "embedding_quality": {
      "dimension": {
        "shape": [
          512
        ],
        "expected": [
          512
        ],
        "correct": true
      },
      "normalization_check": {
        "norm": 1.0,
        "expected": 1.0,
        "correct": true
      },
      "deterministic_check": {
        "max_diff": 0.0,
        "correct": true
      },
      "no_nans": {
        "has_nans": false,
        "correct": true
      }
    },
    "fusion_analysis": {
      "gate_statistics": {
        "mean": 0.507154735494405,
        "std": 0.4494326239864454,
        "min": 0.0001974691404029727,
        "max": 1.0
      },
      "output_normalized": {
        "norm": 0.9999999403953552,
        "correct": true
      },
      "modality_sensitivity": {
        "no_image_similarity": 0.4735507071018219,
        "no_text_similarity": 0.8485132455825806
      }
    },
    "modality_alignment": {
      "related_similarity": {
        "mean": 0.1389608308672905,
        "values": [
          0.13233895599842072,
          0.14558270573616028
        ]
      },
      "unrelated_similarity": {
        "mean": 0.34099727869033813,
        "values": [
          0.3139020502567291,
          0.36809250712394714
        ]
      }
    }
  }
}