{
  "timestamp": "2025-12-26T17:11:03.551393",
  "tests": {
    "embedding_comparison": {
      "distance_l2": 0.0,
      "cosine_similarity": 1.0,
      "per_query": [
        {
          "distance": 0.0,
          "similarity": 1.0
        },
        {
          "distance": 0.0,
          "similarity": 1.0
        },
        {
          "distance": 0.0,
          "similarity": 1.0
        }
      ]
    },
    "alignment_improvement": {
      "base_similarity": 0.40066273510456085,
      "lora_similarity": 0.40066273510456085,
      "improvement": 0.0,
      "improvement_pct": 0.0,
      "per_pair": [
        {
          "base": 0.3587632477283478,
          "lora": 0.3587632477283478,
          "improvement": 0.0
        },
        {
          "base": 0.4425622224807739,
          "lora": 0.4425622224807739,
          "improvement": 0.0
        }
      ]
    }
  }
}